
INSERT INTO `livre` (`id`, `date_de_parution`, `id_auteur`, `is_available`, `is_deleted`, `nombre_de_pages`, `titre`, `id_categorie`) VALUES
(3, '1881', NULL, b'1', b'0', '301', 'L\'île au trésor', 3),
(4, '571', NULL, b'1', b'0', '571', 'Da Vinci Code', 3),
(5, '1857', NULL, b'1', b'0', '291', 'Les Fleurs du Mal', 1),
(6, '1867', NULL, b'1', b'0', '2270', 'Le Capital', 1),
(11, 'A effacer', NULL, b'1', b'1', 'A effacer', 'A effacer', 1),
(19, '1865', NULL, b'1', b'0', '196', 'Les Aventures d\'Alice au pays des merveilles', 3);

INSERT INTO `adherent` (`id`, `date_inscription`, `email`, `nom`, `prenom`) VALUES
(1, '2023-06-08 04:54:35.011880', 'john.doe@gmail.com', 'DOE', 'John'),
(3, '2023-06-08 04:56:01.870689', 'bichettedu72@gmail.com', 'QUILO', 'Cindy'),
(4, '2023-06-08 21:51:03.255804', 'moustache33@hotmail.com', 'ARNAULT', 'Bernard'),
(5, '2023-06-08 21:52:53.104699', 'gouadeloupeforever@laposte.net', 'FRAGER', 'Tom');

INSERT INTO `categorie` (`id`, `nom`) VALUES
(1, 'RESERVE'),
(3, 'Roman');

INSERT INTO `emprunt` (`id`, `date_emprunt`, `date_fin_prevue`, `date_retour`, `id_adherent`, `id_livre`) VALUES
(1, '2023-06-08 06:40:26.199018', NULL, '2023-06-08 06:45:33.805000', 1, 19),
(2, '2023-06-08 06:59:28.424294', NULL, '2023-06-08 21:02:29.678768', 1, 19),
(3, '2023-06-08 20:46:01.375173', NULL, '2023-06-08 21:02:27.247459', 1, 6),
(4, '2023-06-08 21:04:12.505866', NULL, '2023-06-08 21:04:59.922367', 3, 5),
(5, '2023-06-08 21:06:48.450483', NULL, '2023-06-08 21:08:16.133462', 3, 4),
(6, '2023-06-08 21:11:42.013621', NULL, '2023-06-08 21:11:47.757156', 1, 3),
(7, '2023-06-08 21:12:27.668214', NULL, '2023-06-08 21:12:30.089119', 3, 3),
(8, '2023-06-08 21:12:40.425155', NULL, '2023-06-08 21:12:47.215883', 1, 3),
(9, '2023-06-08 21:13:18.487588', NULL, '2023-06-08 21:13:19.936274', 3, 5),
(10, '2023-06-08 21:18:26.045864', NULL, '2023-06-08 21:19:03.755798', 3, 19),
(11, '2023-06-08 21:26:08.508817', NULL, '2023-06-08 21:26:35.455614', 3, 6),
(12, '2023-06-08 21:26:40.742194', NULL, '2023-06-08 21:27:10.734562', 1, 5),
(13, '2023-06-08 21:27:16.639228', NULL, '2023-06-08 21:27:56.452226', 1, 3),
(14, '2023-06-08 21:28:02.785121', NULL, '2023-06-08 21:34:27.320188', 1, 3),
(15, '2023-06-08 21:34:15.636030', NULL, '2023-06-08 21:34:29.066034', 3, 4),
(16, '2023-06-08 21:36:12.302840', NULL, '2023-06-08 21:36:23.619158', 1, 3),
(17, '2023-06-08 21:36:47.271575', NULL, '2023-06-08 21:37:32.146135', 1, 3),
(18, '2023-06-08 21:37:36.804075', NULL, '2023-06-08 21:41:49.779811', 3, 4),
(19, '2023-06-08 21:41:55.224301', NULL, '2023-06-08 21:47:11.759041', 3, 3),
(20, '2023-06-08 21:42:46.781017', NULL, '2023-06-08 21:47:08.987165', 1, 4),
(21, '2023-06-08 21:44:45.618107', NULL, '2023-06-08 21:46:45.395766', 1, 5),
(22, '2023-06-08 21:45:23.471926', NULL, '2023-06-08 21:46:43.747498', 3, 6),
(23, '2023-06-08 21:46:04.056707', NULL, '2023-06-08 21:46:42.058405', 1, 19),
(24, '2023-06-08 21:47:14.918475', NULL, '2023-06-08 21:47:24.484185', 1, 3),
(25, '2023-06-08 21:48:22.098714', NULL, '2023-06-08 21:48:23.767208', 1, 3),
(26, '2023-06-08 21:48:28.239552', NULL, '2023-06-08 21:48:33.255389', 3, 4),
(27, '2023-06-08 21:48:30.655887', NULL, '2023-06-08 21:48:32.381045', 1, 5);
